{"cameraMode":{"drawMode":0,"name":"Shaded","section":"Shading Mode"},"sceneLighting":true,"audioPlay":false,"sceneViewState":{"showFog":true,"showMaterialUpdate":false,"showSkybox":true,"showFlares":true,"showImageEffects":true,"showParticleSystems":true},"in2DMode":false,"pivot":{"x":-22.22957992553711,"y":8.628173828125,"z":95.1755142211914},"rotation":{"x":0.14346309006214143,"y":-0.7226213216781616,"z":0.1576584428548813,"w":0.6575576066970825},"size":34.031673431396487,"orthographic":false}